<?xml version="1.0" encoding="UTF-8"?>
<!DOCTYPE MudletPackage>
<MudletPackage version="1.0">
    <TriggerPackage>
        <TriggerGroup isActive="yes" isFolder="yes" isTempTrigger="no" isMultiline="no" isPerlSlashGOption="no" isColorizerTrigger="no" isFilterTrigger="no" isSoundTrigger="no" isColorTrigger="no" isColorTriggerFg="no" isColorTriggerBg="no">
            <name>third person</name>
            <script></script>
            <triggerType>0</triggerType>
            <conditonLineDelta>0</conditonLineDelta>
            <mStayOpen>0</mStayOpen>
            <mCommand></mCommand>
            <packageName></packageName>
            <mFgColor>#ff0000</mFgColor>
            <mBgColor>#ffff00</mBgColor>
            <mSoundFile></mSoundFile>
            <colorTriggerFgColor>#000000</colorTriggerFgColor>
            <colorTriggerBgColor>#000000</colorTriggerBgColor>
            <regexCodeList/>
            <regexCodePropertyList/>
            <Trigger isActive="yes" isFolder="no" isTempTrigger="no" isMultiline="no" isPerlSlashGOption="no" isColorizerTrigger="no" isFilterTrigger="no" isSoundTrigger="no" isColorTrigger="no" isColorTriggerFg="no" isColorTriggerBg="no">
                <name>Web Call</name>
                <script>local attacker = matches[2]
local target = matches[3]:title()
local venom1 = matches[4]
local venom2 = matches[5] or &quot;&quot;

local venoms = {venom2, venom1,}


km = km or {}
km.thirdPerson = km.thirdPerson or {}
km.thirdPersonCaller = attacker
km.thirdPerson[attacker] = {
	[&quot;target&quot;] = target,
	[&quot;venoms&quot;] = venoms,
	[&quot;afflicted&quot;] = {}
}

enableTrigger(&quot;Third Person Prompt&quot;)
enableTrigger(&quot;Target Dodged&quot;)</script>
                <triggerType>0</triggerType>
                <conditonLineDelta>0</conditonLineDelta>
                <mStayOpen>0</mStayOpen>
                <mCommand></mCommand>
                <packageName></packageName>
                <mFgColor>#ff0000</mFgColor>
                <mBgColor>#ffff00</mBgColor>
                <mSoundFile></mSoundFile>
                <colorTriggerFgColor>#000000</colorTriggerFgColor>
                <colorTriggerBgColor>#000000</colorTriggerBgColor>
                <regexCodeList>
                    <string>^\(Web\)\: (\w+) says\, \&quot;Afflicting (\w+) with (\w+)\, (\w+)\.\&quot;$</string>
                    <string>^\(Web\)\: (\w+) says, \&quot;Afflicting (\w+) \: (\w+)\, (\w+)\.\&quot;$</string>
                    <string>^\(Web\)\: (\w+) says\, \&quot;Afflicting (\w+) \: (\w+)\.\&quot;$</string>
                </regexCodeList>
                <regexCodePropertyList>
                    <integer>1</integer>
                    <integer>1</integer>
                    <integer>1</integer>
                </regexCodePropertyList>
            </Trigger>
            <Trigger isActive="yes" isFolder="no" isTempTrigger="no" isMultiline="no" isPerlSlashGOption="no" isColorizerTrigger="no" isFilterTrigger="no" isSoundTrigger="no" isColorTrigger="no" isColorTriggerFg="no" isColorTriggerBg="no">
                <name>Flay</name>
                <script>local attacker = matches[2]
local thirdPerson = km.thirdPerson[attacker]

local venom = thirdPerson.venoms[1]
local aff = pvp.venoms.list[venom] or venom

table.insert(thirdPerson.afflicted, aff)
addEAff(ps.target, aff)
enableTrigger(&quot;Third Person Prompt&quot;)</script>
                <triggerType>0</triggerType>
                <conditonLineDelta>0</conditonLineDelta>
                <mStayOpen>0</mStayOpen>
                <mCommand></mCommand>
                <packageName></packageName>
                <mFgColor>#ff0000</mFgColor>
                <mBgColor>#ffff00</mBgColor>
                <mSoundFile></mSoundFile>
                <colorTriggerFgColor>#000000</colorTriggerFgColor>
                <colorTriggerBgColor>#000000</colorTriggerBgColor>
                <regexCodeList>
                    <string>^As (\w+) pierces through (\w+)'s \w+, (?:he|she) sends the tip of (?:his|her) whip to scourge (?:his|her) flesh\.$</string>
                </regexCodeList>
                <regexCodePropertyList>
                    <integer>1</integer>
                </regexCodePropertyList>
            </Trigger>
            <Trigger isActive="yes" isFolder="no" isTempTrigger="no" isMultiline="no" isPerlSlashGOption="no" isColorizerTrigger="no" isFilterTrigger="no" isSoundTrigger="no" isColorTrigger="no" isColorTriggerFg="no" isColorTriggerBg="no">
                <name>First Dstab</name>
                <script>local attacker = matches[2]
local thirdPerson = km.thirdPerson[attacker]

local venom = thirdPerson.venoms[1]
local aff = pvp.venoms.list[venom] or venom

table.insert(thirdPerson.afflicted, aff)
addEAff(ps.target, aff)

enableTrigger(&quot;Third Person Prompt&quot;)</script>
                <triggerType>0</triggerType>
                <conditonLineDelta>0</conditonLineDelta>
                <mStayOpen>4</mStayOpen>
                <mCommand></mCommand>
                <packageName></packageName>
                <mFgColor>#ff0000</mFgColor>
                <mBgColor>#ffff00</mBgColor>
                <mSoundFile></mSoundFile>
                <colorTriggerFgColor>#000000</colorTriggerFgColor>
                <colorTriggerBgColor>#000000</colorTriggerBgColor>
                <regexCodeList>
                    <string>^Lunging in, (\w+) sticks (\w+) with [\w\s\-\,]+\.$</string>
                    <string>^(\w+) jabs (\w+) with [\w\s\-\,]+\.$</string>
                    <string>^(\w+) drives [\w\s\-\,]+ into (\w+) with a vicious stab\.$</string>
                </regexCodeList>
                <regexCodePropertyList>
                    <integer>1</integer>
                    <integer>1</integer>
                    <integer>1</integer>
                </regexCodePropertyList>
                <Trigger isActive="yes" isFolder="no" isTempTrigger="no" isMultiline="no" isPerlSlashGOption="no" isColorizerTrigger="no" isFilterTrigger="no" isSoundTrigger="no" isColorTrigger="no" isColorTriggerFg="no" isColorTriggerBg="no">
                    <name>Second Dstab</name>
                    <script>local attacker = matches[2]
local thirdPerson = km.thirdPerson[attacker]

local venom = thirdPerson.venoms[2]
local aff = pvp.venoms.list[venom] or venom

table.insert(thirdPerson.afflicted, aff)
addEAff(ps.target, aff)
enableTrigger(&quot;Third Person Prompt&quot;)</script>
                    <triggerType>0</triggerType>
                    <conditonLineDelta>0</conditonLineDelta>
                    <mStayOpen>0</mStayOpen>
                    <mCommand></mCommand>
                    <packageName></packageName>
                    <mFgColor>#ff0000</mFgColor>
                    <mBgColor>#ffff00</mBgColor>
                    <mSoundFile></mSoundFile>
                    <colorTriggerFgColor>#000000</colorTriggerFgColor>
                    <colorTriggerBgColor>#000000</colorTriggerBgColor>
                    <regexCodeList>
                        <string>^Deftly twirling the weapon in (?:his|her) hand, (\w+) jabs (?:him|her) with it once more\.$</string>
                    </regexCodeList>
                    <regexCodePropertyList>
                        <integer>1</integer>
                    </regexCodePropertyList>
                </Trigger>
            </Trigger>
            <Trigger isActive="no" isFolder="no" isTempTrigger="no" isMultiline="no" isPerlSlashGOption="no" isColorizerTrigger="no" isFilterTrigger="no" isSoundTrigger="no" isColorTrigger="no" isColorTriggerFg="no" isColorTriggerBg="no">
                <name>Third Person Prompt</name>
                <script>disableTrigger(&quot;Third Person Prompt&quot;)
disableTrigger(&quot;Target Dodged&quot;)

local attacker = km.thirdPersonCaller or &quot;&quot;
local thirdPerson = km.thirdPerson[attacker] or {}
local affs = thirdPerson.afflicted or {}
if thirdPerson.whispers then
	for _, aff in ipairs(thirdPerson.whispers) do
		table.insert(thirdPerson.afflicted, aff)
		addEAff(ps.target, aff)
	end
end
if affs then
	for _, aff in ipairs(affs) do
		cdb.aff(thirdPerson.target, aff, true)
	end
end
thirdPerson.afflicted = {}
thirdPerson.venoms = {}
thirdPerson.whispers = {}</script>
                <triggerType>0</triggerType>
                <conditonLineDelta>0</conditonLineDelta>
                <mStayOpen>0</mStayOpen>
                <mCommand></mCommand>
                <packageName></packageName>
                <mFgColor>#ff0000</mFgColor>
                <mBgColor>#ffff00</mBgColor>
                <mSoundFile></mSoundFile>
                <colorTriggerFgColor>#000000</colorTriggerFgColor>
                <colorTriggerBgColor>#000000</colorTriggerBgColor>
                <regexCodeList>
                    <string>return isPrompt()</string>
                </regexCodeList>
                <regexCodePropertyList>
                    <integer>4</integer>
                </regexCodePropertyList>
            </Trigger>
            <Trigger isActive="no" isFolder="no" isTempTrigger="no" isMultiline="no" isPerlSlashGOption="no" isColorizerTrigger="no" isFilterTrigger="no" isSoundTrigger="no" isColorTrigger="no" isColorTriggerFg="no" isColorTriggerBg="no">
                <name>Target Dodged</name>
                <script>local attacker = km.thirdPersonCaller
local thirdPerson = km.thirdPerson[attacker]
local affs = thirdPerson.afflicted

table.remove(thirdPerson.afflicted, 1)
remEAff(ps.target, 1)</script>
                <triggerType>0</triggerType>
                <conditonLineDelta>0</conditonLineDelta>
                <mStayOpen>0</mStayOpen>
                <mCommand></mCommand>
                <packageName></packageName>
                <mFgColor>#ff0000</mFgColor>
                <mBgColor>#ffff00</mBgColor>
                <mSoundFile></mSoundFile>
                <colorTriggerFgColor>#000000</colorTriggerFgColor>
                <colorTriggerBgColor>#000000</colorTriggerBgColor>
                <regexCodeList>
                    <string>^Stepping quickly out of the way, \w+ dodges the attack\.$</string>
                    <string>^The attack rebounds back onto \w+\!$</string>
                    <string>--^\w+ strikes clumsily at \w+ with [\w\s]+, completely missing (?:him|her)\.$</string>
                    <string>--^Tears blur \w+\'s vision as (?:he|she) attempts to strike \w+ with [\w\s\-]+\, causing (?:him|her) to miss\.$</string>
                </regexCodeList>
                <regexCodePropertyList>
                    <integer>1</integer>
                    <integer>1</integer>
                    <integer>1</integer>
                    <integer>1</integer>
                </regexCodePropertyList>
            </Trigger>
            <Trigger isActive="no" isFolder="no" isTempTrigger="no" isMultiline="no" isPerlSlashGOption="no" isColorizerTrigger="no" isFilterTrigger="no" isSoundTrigger="no" isColorTrigger="no" isColorTriggerFg="no" isColorTriggerBg="no">
                <name>New Trigger</name>
                <script>local attacker = matches[2]
local target = matches[3]:title()
local venom1 = matches[4]
local venom2 = matches[5] or &quot;&quot;

local venoms = {venom2, venom1,}


km = km or {}
km.thirdPerson = km.thirdPerson or {}
km.thirdPersonCaller = attacker
km.thirdPerson[attacker] = {
	[&quot;target&quot;] = target,
	[&quot;venoms&quot;] = venoms,
	[&quot;afflicted&quot;] = {}
}

enableTrigger(&quot;Third Person Prompt&quot;)
enableTrigger(&quot;Target Dodged&quot;)</script>
                <triggerType>0</triggerType>
                <conditonLineDelta>0</conditonLineDelta>
                <mStayOpen>0</mStayOpen>
                <mCommand></mCommand>
                <packageName></packageName>
                <mFgColor>#ff0000</mFgColor>
                <mBgColor>#ffff00</mBgColor>
                <mSoundFile></mSoundFile>
                <colorTriggerFgColor>#000000</colorTriggerFgColor>
                <colorTriggerBgColor>#000000</colorTriggerBgColor>
                <regexCodeList>
                    <string>(Web): Zsadist says, &quot;Attacking noon: vernalius. Whispering noon: vertigo and loneliness.&quot;</string>
                    <string>^\(Web\)\: (\w+) says\, \&quot;Afflicting (\w+): (\w+)\. Whispering \w+: (\w+)\ and (\w+).\&quot;$</string>
                </regexCodeList>
                <regexCodePropertyList>
                    <integer>0</integer>
                    <integer>0</integer>
                </regexCodePropertyList>
            </Trigger>
        </TriggerGroup>
    </TriggerPackage>
    <TimerPackage/>
    <AliasPackage/>
    <ActionPackage/>
    <ScriptPackage/>
    <KeyPackage/>
    <HelpPackage>
        <helpURL></helpURL>
    </HelpPackage>
</MudletPackage>
